{
  "total_frames": 120,
  "total_tracks": 58,
  "detection_history": [
    2,
    1,
    0,
    0,
    0,
    4,
    3,
    7,
    9,
    11,
    9,
    10,
    11,
    14,
    12,
    15,
    15,
    15,
    15,
    18,
    14,
    17,
    19,
    18,
    19,
    18,
    13,
    18,
    15,
    11,
    13,
    11,
    16,
    13,
    13,
    16,
    13,
    12,
    8,
    10,
    7,
    9,
    8,
    12,
    10,
    10,
    6,
    9,
    12,
    11,
    9,
    11,
    13,
    12,
    11,
    12,
    12,
    11,
    13,
    13,
    11,
    12,
    11,
    8,
    9,
    10,
    11,
    13,
    11,
    11,
    11,
    11,
    9,
    9,
    8,
    10,
    16,
    9,
    11,
    6,
    8,
    6,
    10,
    8,
    7,
    9,
    9,
    9,
    11,
    10,
    9,
    9,
    10,
    13,
    15,
    11,
    10,
    11,
    13,
    10,
    12,
    11,
    7,
    11,
    12,
    8,
    10,
    12,
    11,
    10,
    9,
    11,
    12,
    12,
    10,
    10,
    9,
    9,
    12,
    8
  ],
  "track_history": [
    0,
    0,
    0,
    0,
    0,
    1,
    2,
    3,
    3,
    6,
    9,
    8,
    10,
    11,
    10,
    12,
    13,
    14,
    13,
    15,
    13,
    16,
    14,
    15,
    19,
    16,
    12,
    17,
    15,
    11,
    12,
    9,
    15,
    13,
    13,
    16,
    13,
    12,
    8,
    10,
    7,
    8,
    8,
    11,
    9,
    10,
    6,
    9,
    12,
    10,
    9,
    9,
    12,
    11,
    10,
    11,
    12,
    10,
    11,
    13,
    10,
    11,
    10,
    8,
    9,
    10,
    11,
    13,
    11,
    11,
    10,
    11,
    9,
    9,
    8,
    9,
    12,
    9,
    8,
    5,
    7,
    5,
    9,
    8,
    7,
    8,
    9,
    9,
    11,
    9,
    9,
    8,
    8,
    12,
    14,
    10,
    10,
    11,
    12,
    8,
    11,
    11,
    6,
    11,
    12,
    8,
    10,
    12,
    11,
    9,
    8,
    10,
    11,
    10,
    9,
    10,
    9,
    9,
    11,
    8
  ],
  "entry_events": 0,
  "exit_events": 0,
  "behavior_analysis": {
    "individual_summary": {
      "total_behaviors": 1002,
      "behavior_counts": {
        "moving": 111,
        "wandering": 886,
        "foraging": 5
      },
      "behavior_durations": {
        "moving": {
          "mean": 10.063063063063064,
          "std": 6.2504475937447195,
          "min": "4",
          "max": "29"
        },
        "wandering": {
          "mean": 40.229119638826184,
          "std": 26.80686059708345,
          "min": "4",
          "max": "110"
        },
        "foraging": {
          "mean": 4.6,
          "std": 0.8,
          "min": "4",
          "max": "6"
        }
      }
    },
    "group_summary": {
      "activity_intensity": {
        "mean": 0.24960001482192287,
        "std": 0.07846811841434195,
        "min": 0.0,
        "max": 0.5,
        "trend": "increasing"
      },
      "aggregation_score": {
        "mean": 0.028877686811505855,
        "std": 0.01721673145157105,
        "min": 0.0,
        "max": 0.07130587622836915
      },
      "bee_count": {
        "mean": 9.758333333333333,
        "std": 3.4952249172581467,
        "min": "0",
        "max": "19"
      }
    },
    "anomalies": [
      {
        "type": "low_activity",
        "description": "\u68c0\u6d4b\u5230\u5f02\u5e38\u4f4e\u7684\u8702\u7fa4\u6d3b\u52a8\u5f3a\u5ea6\uff0c\u53ef\u80fd\u5b58\u5728\u5065\u5eb7\u95ee\u9898",
        "severity": "critical"
      }
    ]
  },
  "processing_time": 12.232039213180542
}